RX Group Name,Contact 1,Contact 2,Contact 3,Contact 4,Contact 5,Contact 6,Contact 7,Contact 8,Contact 9,Contact 10,Contact 11,Contact 12,Contact 13,Contact 14,Contact 15,Contact 16,Contact 17,Contact 18,Contact 19,Contact 20,Contact 21,Contact 22,Contact 23,Contact 24,Contact 25,Contact 26,Contact 27,Contact 28,Contact 29,Contact 30,Contact 31,Contact 32
VK DMR,TG1 WW,TG5 VK Nets,TG8 StateLnkd,TG9 Local,TG13 WWE,TG100 Tech Talk,TG113 UA Eng 1,TG123 UA Eng 2,TG133 DMR+USA,TG143 DMR+UK,TG153 DMR+Sth P,TG:505 VK,TG3800 AU,TG3801 ACT,TG3802 NSW,TG3803 Vic,TG3804 Qld,TG3805 SA,TG3806 WA,TG3807 TAS,TG3808 VK8,TG3809 VK9,Reflctr Discnct,Rpt Status,ref4800 tg3800,ref4801 tg3801,ref4802 tg3802,ref4803 tg3803,ref4804 tg3804,ref4805 tg3805,ref4806 tg3806,,
VK BM,TG9 Local,TG91 BM WW,TG913 BM WWE,TG923 BM EU E,TG95 BM PacRim,TG:505 VK,TG5050 AU BM,TG5051 ACT BM,TG5052 NSW BM,TG5053 VIC BM,TG5054 QLD BM,TG5055 SA BM,TG5056 WA BM,TG5057 Tas BM,YSF-BM X,BM LOCAL,VK WICEN BM,TG26204 BM,,,,,,,,,,,,,,,
Hotspots,BM LOCAL,YSF-BM X,XLX TG6,TG9 Local,ref4800 tg3800,ref4801 tg3801,ref4802 tg3802,ref4803 tg3803,ref4804 tg3804,ref4805 tg3805,ref4806 tg3806,ref4807 tg3807,ref4581 tg133 US,ref4404 tg143 UK,ref4851 tg153 SP,TG5050 AU BM,TG5051 ACT BM,TG5052 NSW BM,TG5053 VIC BM,TG5054 QLD BM,TG5055 SA BM,TG5056 WA BM,TG5057 Tas BM,TG26204 BM,TG91 BM WW,TG913 BM WWE,TG923 BM EU E,TG95 BM PacRim,VK WICEN BM,TG31665 BM,ref4850 tg3850,ref4851 tg3851,
TG9,TG9 Local,,,,,,,,,,,,,,,,,,,,,,,,,,,,,,,,
