Zone Name,Channel 1,Channel 2,Channel 3,Channel 4,Channel 5,Channel 6,Channel 7,Channel 8,Channel 9,Channel 10,Channel 11,Channel 12,Channel 13,Channel 14,Channel 15,Channel 16,
DV4mini,DV4 TG9 S1,DV4 tg3800,DV4 tg3801 ACT,DV4 tg3802 NSW,DV4 tg3803 Vic,DV4 tg3804 Qld,DV4 tg3805 SA,DV4 tg3806 WA,DV4 tg3807 Tas,DV4 tg3850 NZ,DV4 tg153 SthPac,DV4 tg143 UK,DV4 DSC001X,DV4 DSC001V,DV4 DMR+ discnt,,
DVmega,DVm 9s2,DVm 505,DVm YSF 50599,DVm 5051,DVm 5052,DVm 5053,DVm 5054,DVm 5055,DVm 5056,DVm 5057,DVm TG913 WWE,DVm TG923 EU E,DVm TG95 PacRim,DVm+ 3802,DVm+ 3805,DVm 4000 discnct,
ZUMspot 1,Z1 bm 9s2,Z1 bm 505,Z1 bm YSF 50599,Z1 bm 5051,Z1 bm 5052,Z1 bm 5053,Z1 bm 5054,Z1 bm 5055,Z1 bm 5056,Z1 bm 5057,Z1 bm 913 WWE,Z1 bm 923 EU E,Z1 bm 95 PacRim,Z1+ 3802,Z1+ 3805,Z1 4000 discnct,
VK1RBM Issacs,'11 1RBM Scan,'11 TG1 WW CALL,'11 TG8 S1 ACT,'11 TG9 S1 LOC,'11 TG13 WWE,'11 TG113 UA CHA,'11 TG123 UA ENG,'11 TG153 SthPac,'11 TG505 AU,'11 TG3800 AU +,'11 TG3801 ACT,'11 TG3802 NSW,'11 TG3803 Vic,'11 TG3804 Qld,'11 TG3805 SA,'11 TG9 REF,
VK2RAO Orange,'28 2RAO Scan,'28 TG1 WW CALL,'28 TG5 VK Bcast,'28 TG8 S1 LINK,'28 TG8 S2 LOCL,'28 TG9 S1 LOC,'28 TG13 WWE,'28 TG113 UA CHA,'28 TG123 UA ENG,'28 TG505 AU,'28 TG3800 AU +,'28 TG3801 ACT,'28 TG3802 NSW,'28 TG3803 VIC,'28 TG3804 QLD,'28 TG9 REF,
VK2RCG Syd Cty,'24 2RCG Scan,'24 TG1 WW CALL,'24 TG8 S1 LINK,'24 TG8 S2 LOC,'24 TG9 S1 LOC,'24 TG13 WWE,'24 TG113 UA CHA,'24 TG123 UA ENG,'24 TG153 SthPac,'24 TG505 AU,'24 TG3800 AU +,'24 TG3801 ACT,'24 TG3802 NSW,'24 TG3803 VIC,'24 TG3804 QLD,'24 TG9 REF,
VK2RCV Grafton,'29 2RCV Scan,'29 TG1 WW,'29 TG5 VK Bcast,'29 TG8 S1 NSW,'29 TG9 S1 Loc,'29 TG13 WWE,'29 TG113 UA Eng1,'29 TG123 UA Eng2,'29 TG153 SP+,'29 TG505 AU,'29 TG3800 AU+,'29 TG3801 ACT,'29 TG3802 NSW,'29 TG3804 Qld,'29 Rflct Discnct,'29 Rpt Status,
VK2RGN Glbrn,'21 2RGN Scan,'21 TG1 WW CALL,'21 TG9 S1 LOC,'21 TG9 S2 LOC,'21 TG13 WWE,'21 TG113 UA CHA,'21 TG123 UA ENG,'21 TG153 SthPac+,'21 TG505 AU,'21 TG3800 AU +,'21 TG3801 ACT,'21 TG3802 NSW,'21 TG3803 VIC,'21 TG3804 QLD,'21 TG3805 SA,'21 TG9 REF,
VK2RHR HRange,'22 2RHR Scan,'22 TG1 WW CALL,'22 TG8 S1 LINK,'22 TG8 S2 LOC,'22 TG9 S1 LOC,'22 TG13 WWE,'22 TG113 UA CHA,'22 TG123 UA ENG,'22 TG153 SthPac+,'22 TG505 AU,'22 TG3800 AU +,'22 TG3801 ACT,'22 TG3802 NSW,'22 TG3803 VIC,'22 TG3804 QLD,'22 TG9 REF,
VK2RHT Chats,'27 2RHT Scan,'27 TG1 WW CALL,'27 TG8 S1 LINK,'27 TG8 S2 LOC,'27 TG9 S1 LOC,'27 TG13 WWE,'27 TG113 UA CHA,'27 TG123 UA ENG,'27 TG153 SthPac,'27 TG505 AU,'27 TG3800 AU +,'27 TG3801 ACT,'27 TG3802 NSW,'27 TG3803 VIC,'27 TG3804 QLD,'27 TG9 REF,
VK2RLE HCote,'26 2RLE Scan,'26 TG1 WW CALL,'26 TG8 S1 LINK,'26 TG8 S2 LOCL,'26 TG9 S1 LOCL,'26 TG13 WWE,'26 TG113 UA CHA,'26 TG123 UA ENG,'26 TG153 SthPac,'26 TG505 AU,'26 TG3800 AU +,'26 TG3801 ACT,'26 TG3802 NSW,'26 TG3803 VIC,'26 TG3804 QLD,'26 TG9 REF,
VK2RRW Dural,'25 2RRW Scan,'25 TG1 WW CALL,'25 TG8 S1 LINK,'25 TG8 S2 LOC,'25 TG9 S1 LOC,'25 TG13 WWE,'25 TG113 UA CHA,'25 TG123 UA ENG,'25 TG153 SthPac,'25 TG505 AU,'25 TG3800 AU +,'25 TG3801 ACT,'25 TG3802 NSW,'25 TG3803 VIC,'25 TG3804 QLD,'25 TG9 REF,
VK2RTH TwdHds,'17 VK2RTH Scan,'17 TG1 WW Call,'17 TG8 Vic S1,'17 TG9 s1 Locl,'17 TG13 WWE,'17 TG113 UA E1,'17 TG123 UA E2,'17 TG133 USA+,'17 TG143 UK+,'17 TG153 SthPac+,'17 TG505 AU+,'17 TG3800 AU+,'17 TG3801 ACT,'17 TG3803 Vic,'17 TG9 s2 Locl,,
VK2RYS,'23 2RYS Scan,'23 TG1 WW CALL,'23 TG8 S1 LINK,'23 TG8 S2 LOC,'23 TG9 S1 LOC,'23 TG13 WWE,'23 TG113 UA CHA,'23 TG123 UA ENG,'23 TG153 SthPac+,'23 TG505 AU,'23 TG3800 AU +,'23 TG3801 ACT,'23 TG3802 NSW,'23 TG3803 VIC,'23 TG3804 QLD,'23 TG9 REF,
'2RAF BM WICEN,bm23 2RAF Scan,bm23 TG9 S1,bm23 TG505 AU,bm23 TG5050 AU,bm23 TG5052 NSW,bm23 TG505001,bm23 YSF-BM X,bm23 TG9 S2,,,,,,,,,
'2RAG BM Somsby,bm24 2RAG Scan,bm24 TG9 S1,bm24 TG505 AU,bm24 TG5050 AU,bm24 TG5052 NSW,bm24 TG505001,bm24 YSF-BM X,bm24 TG9 S2,,,,,,,,,
'2RCW BM Orange,bm19 2RCW Scan,bm19 TG9 S1,bm19 TG505 AU,bm19 TG5050 AU,bm19 TG5052 NSW,bm19 TG505001,bm19 YSF-BM X,bm19 TG9 S2,,,,,,,,,
'2RGN BM Glbrn,bm21 2RGN Scan,bm21 TG9 S1,bm21 TG505 AU,bm21 TG5050 AU,bm21 TG5052 NSW,bm21TG505001,bm21 YSF-BM X,bm21 TG9 S2,,,,,,,,,
'2RGP BM Toronto,bm28 2RGP Scan,bm28 TG9 S1,bm28 TG505 AU,bm28 TG5050 AU,bm28 TG5052 NSW,bm28 TG505001,bm28 YSF-BM X,bm28 TG9 S2,,,,,,,,,
'2RHP BM HorslPk,bm22. 2RHP Scan,bm22 TG9 S1,bm22 TG505 AU,bm22 TG5050 AU,bm22 TG5052 NSW,bm22 TG505001,bm22 YSF-BM X,bm22 TG9 S2,,,,,,,,,
'2RHK BM Wyee1,bm01 2RHK 1,bm01 TG9 S1,bm01 TG505 AU,bm01 TG5050 AU,bm01 TG5052 NSW,bm01 TG505001,bm01 YSF-BM X,bm01 TG9 S2,,,,,,,,,
'2RHK BM Wyee2,bm02 2RHK 2,bm02 TG9 S1,bm02 TG505 AU,bm02 TG5050 AU,bm02 TG5052 NSW,bm02 TG505001,bm01 YSF-BM X,bm01 TG9 S2,,,,,,,,,
'2RHX BM Hamilton,bm27 2RHX Scan,bm27 TG9 S1,bm27 TG505 AU,bm27 TG5050 AU,bm27 TG5052 NSW,bm27. TG505001,bm27 YSF-BM X,bm27 TG9 S2,,,,,,,,,
'2RMP BM Woollng,bm18 2RMP Scan,bm18 TG9 S1,bm18 TG91 WW,bm18 TG923 EU E,bm18 TG95 PacRim,bm18 TG505 AU,bm18 RG5050 AU,bm18 TG5052 NSW,bm18 TG505001,bm18 YSF-BM X,,,,,,,
'2AMV BM Parkes,bm20 2AMV Scan,bm20 TG9 S1,bm20 TG505 AU,bm20 TG5050 AU,bm20 TG5052 NSW,bm20 TG505001,bm20 YSF-BM X,bm20 TG9 S2,,,,,,,,,
'2GG BM DoraCk,bm26 2GG Scan,bm26. TG9 S1,bm26 TG505 AU,bm26 TG5050 AU,bm26 TG5052 NSW,bm26 TG505001,bm26 YSF-BM X,bm26 TG9 S2,,,,,,,,,
'2JDS BM Bathurst,bm29 2JDS Scan,bm29 TG9 S1,bm29 TG505 AU,bm29 TG5050 AU,bm29 TG5052 NSW,bm29 TG505001,bm29 YSF-BM X,bm29 TG9 S2,,,,,,,,,
'2YHX BM Hamilton,bm25 2YHX Scan,bm25 TG9 S1,bm25 TG505 AU,bm25 TG5050 AU,bm25 TG5052 NSW,bm25 TG505001,bm25 YSF-BM X,bm25 TG9 S2,,,,,,,,,
VK3RGL Geelong,'36. 3RGL Scan,'36. TG1 WW CALL,'36. TG5 VK Bcast,'36. TG8 VIC S1,'36. TG9 S1 LOC,'36. TG13 WWE,'36. TG113 UA CHA,'36. TG123 UA ENG,'36. TG505 AU,'36. TG3800 AU +,'36. TG3802 NSW,'36. TG3803 VIC,'36. TG3805 SA,'36. TG3807 TAS,'36. TG9 REF,,
VK3RMC Brwck,'33. 3RMC Scan,'33. TG1 WW CALL,'33. TG5 VK Bcast,'33. TG8 S1 LINK,'33. TG9 S1 LOC,'33. TG13 WWE,'33. TG113 UA CHA,'33. TG123 UA ENG,'33. TG505 AU,'33. TG3800 AU +,'33. TG3802 NSW,'33. TG3803 VIC,'33. TG3805 SA,'33. TG3807 TAS,'33. TG9 REF,,
VK3RMM Mcdon,'34. 3RMM Scan,'34. TG1 WW CALL,'34. TG5 VK Bcast,'34. TG8 S1 LINK,'34. TG9 S1 LOCL,'34. TG13 WWE,'34. TG113 UA CHA,'34. TG123 UA ENG,'34. TG505 AU,'34. TG3800 AU +,'34. TG3802 NSW,'34. TG3803 VIC,'34. TG3805 SA,'34. TG3807 TAS,'34. TG9 REF,,
VK3RPS Cotrel,'37. 3RPS Scan,'37. TG1 WW CALL,'37. TG5 VK Bcast,'37. TG8 VIC S1,'37. TG9 S1 LOC,'37. TG13 WWE,'37. TG113 UA CHA,'37. TG123 UA ENG,'37. TG505 AU,'37. TG3800 AU +,'37. TG3802 NSW,'37. TG3803 VIC,'37. TG3805 SA,'37. TG3807 Tas,'37. TG9 ts2,,
VK3RPT PrtySaly,'35. 3RPT Scan,'35. TG1 WW CALL,'35. TG5 VK Bcast,'35. TG8 VIC S1,'35. TG9 S1 LOC,'35. TG13 WWE,'35. TG113 UA CHA,'35. TG123 UA ENG,'35. TG505 AU,'35. TG3800 AU +,'35. TG3802 NSW,'35. TG3803 VIC,'35. TG3805 SA W,'35. TG3807 TAS W,'35. TG9 REF,,
VK3RSU Mlbrn,'30. 3RSU Scan,'30. TG1 WW CALL,'30. TG5 VK Bcast,'30. TG8 S1 LINK,'30. TG9 S1 LOCL,'30. TG13 WWE,'30. TG113 UA CHA,'30. TG123 UA ENG,'30. TG505 AU,'30. TG3800 AU +,'30. TG3802 NSW,'30. TG3803 VIC,'30. TG3805 SA W,'30. TG3807 TAS W,'30. TG9 REF,,
VK3RTE Karingal,'31. 3RTE Scan,'31. TG1 WW CALL,'31. TG5 VK Bcast,'31. TG8 S1 LINK,'31. TG9 S1 LOCL,'31. TG13 WWE,'31. TG113 UA CHA,'31. TG123 UA ENG,'31. TG505 AU,'31. TG3800 AU +,'31. TG3802 NSW,'31. TG3803 VIC,'31. TG3805 SA W,'31. TG3807 TAS W,'31. TG9 REF,,
VK3RWW,'38 VK3RWW Scan,'38 TG1 WW Call,'38 TG8 Vic S1,'38 TG9 s1 Loc,'38 TG13 WWE,'38 TG113 UA E1,'38 TG123 UA E2,'38 TG133 USA+,'38 TG143 UK+,'38 TG153 SthPac+,'38 TG505 AU,'38 TG3802 NSW,'38 TG3803 Vic,'38 TG3804 Qld,'38 TG3805 SA,'38 TG3807 Tas,
VK3RZU MtBulla,'32. 3RZU Scan,'32. TG1 WW CALL,'32. TG5 VK Bcast,'32. TG8 S1 LINK,'32. TG9 S1 LOCL,'32. TG13 W/W ENG,'32. TG113 UA CHA,'32. TG123 UA ENG,'32. TG505 AU,'32. TG3800 AU +,'32. TG3802 NSW,'32. TG3803 VIC,'32. TG3805 SA W,'32. TG3807 TAS W,'32. TG9 REF,,
'3RBA BM Ballarat,bm34 3RBA Scan,bm34 TG9 S1,bm34 TG91 WW,bm34 TG913 WW E,bm34 TG923 EU A,bm34 TG95 PacRim,bm34 TG505 AU,bm34 TG5050 AU,bm34 TG5052 NSW,bm34 TG5053 Vic,bm34 TG5054 Qld,bm34 TG5055 SA,bm34 TG5057 Tas,,,,
'3AS BM Hrshm,bm31 3AS Scan,bm31 TG9 S1,bm31 TG505 AU,bm31 TG5050 AU,bm31 TG5052 NSW,bm31 TG5053 VIC,bm31 TG505001,bm31 YSF-BM X,bm31 TG9 S2,,,,,,,,
'3JMA BM HmtnPk,bm32 3IMA Scan,bm32 TG9 S1,bm32 TG505 AU,bm32 TG5050 AU,bm32 TG5052 NSW,bm32 TG5053 VIC,bm32 TG505001,bm32 YSF-BM X,bm32 TG9 S2,,,,,,,,
'3SMC BM Knoxfid,bm33 3SMC Scan,bm33 TG9 S1,bm33 TG91 WW,bm33 TG913 WW E,bm33 TG923 EU E,bm33 TG95 PacRim,bm33 TG505 AU,bm33 TG5050 AU,bm33 TG5051 ACT,bm33 TG5052 NSW,bm33 TG5053 Vic,bm33 TG5054 Qld,bm33 TG5055 SA,,,,
VK4RBK Atherton,'47 4RBK Scan,'47 TG1 WW Call,'47 TG8 Qld S1,'47 TG9 S1 Locl,'47 TG13 WWE,'47 TG113 UA E1,'47 TG123 UA E2,'47 TG133 USA+,'47 TG143 UK+,'47 TG153 SthPac,'47 TG505 AU,'47 TG3800,'47 TG3802 NSW,'47 TG3804 Qld,,,
VK4RBX Ipswich,'45. 4RBX Scan,'45. TG1 WW CALL,'45. TG5 VK Bcast,'45. TG8 QLD S1,'45. TG9 S1 LOC,'45. TG13 WWE,'45. TG113 UA CHA,'45. TG123 UA ENG,'45. TG505 AU,'45. TG3800 AU +,'45. TG3802 NSW,'45. TG3804 QLD,'45. TG4000 REF D,'45. TG5000 STS,'45. TG9 REF,,
VK4RDU Bungblo,'43. 4RDU Scan,'43. TG1 WW CALL,'43. TG5 VK Bcast,'43. TG8 QLD S1,'43. TG9 S1 LOC,'43. TG13 W/W ENG,'43. TG113 UA CHA,'43. TG123 UA ENG,'43. TG505 AU,'43. TG3800 AU +,'43. TG3802 NSW,'43. TG3804 QLD,'43. TG4000 REF D,'43. TG5000 STS,'43. TG9 REF,,
VK4REG BnyaMtns,'44. 4REG Scan,'44. TG1 WW CALL,'44. TG5 VK Bcast,'44. TG8 QLD S1,'44. TG9 S1 LOC,'44. TG13 WWE,'44. TG113 UA CHA,'44. TG123 UA ENG,'44. TG505 AU,'44. TG3800 AU +,'44. TG3802 NSW,'44. TG3804 QLD,'44. TG4000 REF D,'44. TG5000 STS,'44. TG9 REF,,
VK4RGX SprngWd,'40. 4RGX Scan,'40. TG1 WW CALL,'40. TG5 VK Bcast,'40. TG8 QLD S1,'40. TG9 S1 LOC,'40. TG13 WWE,'40. TG113 UA CHA,'40. TG123 UA ENG,'40. TG505 AU,'40. TG3800 AU +,'40. TG3802 NSW,'40. TG3804 QLD,'40. TG4000 REF D,'40. TG5000 STS,'40. TG9 REF,,
VK4RMC MrCoottha,'41. 4RMC Scan,'41. TG1 WW CALL,'41. TG5 VK Bcast,'41. TG8 QLD S1,'41. TG9 S1 LOC,'41. TG13 WWE,'41. TG113 UA CHA,'41. TG123 UA ENG,'41. TG505 AU,'41. TG3800 AU +,'41. TG3802 NSW,'41. TG3804 QLD,'41. TG4000 REF D,'41. TG5000 STS,'41. TG9 REF,,
VK4RNX SnshnCst,'46. 4RNX Scan,'46. TG1 WW CALL,'46. TG5 VK Bcast,'46. TG8 QLD S1,'46. TG9 S1 LOC,'46. TG13 WWE,'46. TG113 UA CHA,'46. TG123 UA ENG,'46. TG505 AU,'46. TG3800 AU +,'46. TG3802 NSW,'46. TG3804 QLD,'46. TG4000 REF D,'46. TG5000 STS,'46. TG9 REF,,
VK4RTQ Twmba,'42 4RTQ Scan,'42 TG1 WW CALL,'42 TG5 VK Bcast,'42 TG8 QLD S1,'42 TG9 S1 LOC,'42 TG13 WWE,'42 TG113 UA CHA,'42 TG123 UA ENG,'42 TG505 AU,'42 TG3800 AU +,'42 TG3802 NSW,'42 TG3804 QLD,'42 TG4000 REF D,'42 TG5000 STS,'42 TG9 REF,,
'4RCN BM Manoora,bm41 4RCN Scan,bm41 TG9 S1,bm41 TG505 AU,bm4 TG5050 XRF50,bm41 TG5052 NSW,bm41 TG5054 QLD,bm41 TG505001,bm41 YSF-BM X,bm41 TG9 S2,,,,,,,,
'4TCA BM Corinda,bm43 4TCA Scan,bm43 TG9 S1,bm43 TG505 AU,bm43 TG5050 AU,bm43 TG5052 NSW,bm43 TG5054 QLD,bm43 TG505001,bm43 YSF-BM X,bm43 TG9 S2,,,,,,,,
'4TUX BM pc4341,bm42 4TUX Scan,bm42 TG9 S1,bm42 TG505 AU,bm42 TG5050 AU,bm42 TG5052 NSW,bm42 TG5054 QLD,bm42 TG505001,bm42 YSF-BM X,bm42 TG9 S2,,,,,,,,
VK5RFS Adelaide,'50. 5RSF Scan,'50. TG1 WW Call,'50.TG8 S1 SA W,'50 TG13 WWE,'50. TG9 S1 LOC,'50. TG113 UA ENG,'50. TG123 UA ENG,'50 TG133 USA+,'50 TG143 UK+,'50. TG153 SthPac,'50. TG505 AU W,'50. TG3800 +,'50. TG3802 NSW,'50. TG3803 Vic,'50. TG3805 SA,'50. TG3807 Tas,
VK6RDM +Perth,'60 6RDM Scan,'60 TG1 WW,'60 VK Nets,'60 TG9 Local,'60 TG9 ts2,'60 TG13 WWE,'60 TG113 UA E1,'60 TG123 UA E2,'60 TG133 +USA,'60 TG143 +UK,'60 TG153 +SthPac,'60 TG505 VK,'60 TG3800 AU,'60 TG3806 WA,,,
'6RGF BM Kalguly,bm61 6RGF Scan,bm61 TG91 WW,bm61 TG9 ts1,bm61 TG9 ts2,bm61 TG913 WWE,bm61 TG923 EU E,bm61 TG95 SthPac,bm61 TG505 AU,bm61 TG5050 +AU,bm61 TG5051 ACT,bm61 TG5052 NSW,bm61 TG5053 Vic,bm61 TG5054 Qld,,,,
VK6RLM SE Perth,'61 VK6RLM Scan,'61 TG1 WW,'61 TG5 AU Nets,'61 TG9 ts1,'61 TG9 ts2,'61 TG13 WWE,'61 TG113 UA E1,'61 TG123 UA E2,'61 TG133 +USA,'61 TG143 +UK,'61 TG153 +SthPac,'61 TG505 AU,'61 TG3800 +AU,'61 TG3801 ACT,'61 TG3802 NSW,'61 TG3803 Vic,
VK6RRR Lesmrd,'62 6RRR Scan,'62 TG1 WW,'62 TG5 AU Nets,'62 TG9 ts1,'62 TG9 ts2,'62 TG13 WWE,'62 TG113 UA E1,'62 TG123 UA E2,'62 TG133 +USA,'62 TG143 +UK,'62 TG153 +SthPac,'62 TG505 VK,'62 TG3800 AU,'62 TG3806 WA,'62 Ref Dscnct,'62 Rpt Status,
VK6ZTN Kalamunda,'64 6ZTN Scan,'64 TG1 WW Call,'64 TG13 WWE,'64 TG113 UA E2,'64 TG123 UA E2,'64 TG5 ts2 VK/ZL,'64 TG505 DMR+,'64 TG5056 WA,,,,,,,,,
VK7RAA MtArthur,'71. 7RAA Scan,'71. TG1 W/W CALL,'71. TG5 VK Bcast,'71. TG8 S1 TAS W,'71. TG8 S2 LOC,'71. TG9 LOC,'71. TG13 WWE,'71. TG113 UA ENG,'71. TG123 UA ENG,'71. TG505 AU,'71. TG3800 +,'71. TG3801 ACT,'71. TG3802 NSW,'71.TG3803 VIC,'71. TG3805 SA,'71. TG3807 TAS,
VK7RCR Hobart,'70. 7RCR Scan,'70. TG1 WW Call,'70 TG5 VK Bcast,'70 TG8 S1 TAS W,'70. TG8 S2 LOC,'70. TG9 S1 LOC,'70. TG113 UA ENG,'70. TG123 UA ENG,'70. TG505 AU W,'70. TG3800 +,'70. TG3801 ACT,'70. TG3802 NSW,'70. TG3803 VIC,'70. TG3805 SA,'70. TG3807 TAS,'70. TG9 REFL,
Analog ACT,FM 438.7 Simplex,VK1RGI Ginnini,VK1RBM Issacs,VK2RLJ Perisher,VK2RHR HRange,VK2RTW Wagga,VK2RGN MtGray,VK2RWM Grenfell,VK2RAO Cnobolas,VK2RAY Albury,WJSP,WJSP-D,,,,,
Analog Syd,VK2RBV Sydney,VK2RMB TerryHill,VK2RWS BerowraNt,VK2RHT Chatswood,VK2RBM Lawson1,VK2RLE Engadine,VK2RCF Carlingfd,VK2RRS Lewisham,VK2RWI Dural,VK2RHC Hurstvill,VK2ROT Paddingtn,VK2RWI Dural1,VK2RFG Cambltwn,VK2RSH Mittagong,,,
Analog NEVic,NE Vic Scan,VK3RAY Albury,VK3RNE BigBen,VK3RNU Wang,VK2RWB Mulwala,VK3RSU ChsnVale,,,,,,,,,,,
Analog Adl+DMR,Adl Scan,VK5RAD Crafers,VK5RSB Sumrtn,VK5RSC MtTrble,VK5ROC LowrLght,VK5RSA Adelaide,VK5ZSN Balloon,VK5RLZ Elizabht,'50. TG505 AU W,'50. TG3800 +,'50. TG3805 SA,'50 TG13 WWE,'50.TG8 S1 SA W,'50. TG8 S2 LOC,'50. TG9 S1 LOC,'50. TG153 SthPac,
CB 01-15,CB01 dup,CB02 dup,CB03 dup,CB04 dup,CB05 Emergency,CB06 dup,CB07 dup,CB08 dup,CB09,CB10 4WD convoy,CB11,CB12,CB13,CB14,CB15,,
CB 16-40,CB16,CB17,CB18 Cvan convoy,CB19,CB20,CB21,CB24,CB25,CB26,CB27,CB28,CB29 PacHwy Bruc,CB30 EmgB'cast,CB39,CB40 Truckies,,
CB 41-56,CB41 dup,CB42 dup,CB43 dup,CB44 dup,CB45 dup,CB46 dup,CB47 dup,CB48 dup,CB49,CB50,CB51,CB52,CB53,CB54,CB55,CB56,
CB 54-80,CB54,CB55,CB56,CB57,CB58,CB59,CB60,CB64,CB65,CB66,CB67,CB68,CB69,CB70,CB79,CB80,
Goulburn 70cm,DVm YSF 50599,DMR 439.2 S1,FM 438.7 Simplex,VK2RGN MtGray,VK2RHR HRange,,,,,,,,,,,,
Home,Home Scan,CB15,WJSP,FM 438.7 Simplex,VK1RGI Ginnini,VK1RBM Issacs,DV4 TG9 S2,DVm 505,,,,,,,,,
5,,,,,,,,,
