RX Group Name,Contact 1,Contact 2,Contact 3,Contact 4,Contact 5,Contact 6,Contact 7,Contact 8,Contact 9,Contact 10,Contact 11,Contact 12,Contact 13,Contact 14,Contact 15,Contact 16,Contact 17,Contact 18,Contact 19,Contact 20,Contact 21,Contact 22,Contact 23,Contact 24,Contact 25,Contact 26,Contact 27,Contact 28,Contact 29,Contact 30,Contact 31,Contact 32
VK DMR Mon,TG1 WW,TG5 VK Nets,TG8 StateLnkd,TG9 Local,TG13 WWE,TG100 Tech Talk,TG113 UA Eng 1,TG123 UA Eng 2,TG133 DMR+USA,TG143 DMR+UK,TG153 DMR+Sth P,TG:505 VK,TG3800 AU,TG3801 ACT,TG3802 NSW,TG3803 Vic,TG3804 Qld,TG3805 SA,TG3806 WA,TG3807 TAS,TG3808 VK8,TG3809 VK9,,,,,,,,,,,
VK BM Mon,TG9 Local,TG91 BM WW,TG913 BM WWE,TG923 BM EU E,TG95 BM PacRim,TG:505 VK,TG5050 AU BM,TG5051 ACT BM,TG5052 NSW BM,TG5053 VIC BM,TG5054 QLD BM,TG5055 SA BM,TG5056 WA BM,TG5057 Tas BM,YSF-BM X,BM LOCAL,VK WICEN BM,,,,,,,,,,,,,,,,
HS Monitor,XLX TG6,TG8 StateLnkd,TG9 Local,TG113 UA Eng 1,TG13 WWE,TG30 JOTA,TG123 UA Eng 2,TG133 DMR+USA,TG143 DMR+UK,TG5050 AU BM,TG5051 ACT BM,TG5052 NSW BM,TG5053 VIC BM,TG5054 QLD BM,TG5055 SA BM,TG5056 WA BM,TG5057 Tas BM,TG91 BM WW,TG913 BM WWE,TG923 BM EU E,TG95 BM PacRim,VK WICEN BM,TG31665 BM,TG26204 BM,TG:505 VK,YSF-BM X,TG1 WW,TG153 DMR+Sth P,,,,,
TG1,TG1 WW,,,,,,,,,,,,,,,,,,,,,,,,,,,,,,,,
TG6,XLX TG6,,,,,,,,,,,,,,,,,,,,,,,,,,,,,,,,
TG5,TG5 VK Nets,,,,,,,,,,,,,,,,,,,,,,,,,,,,,,,,
TG8,TG8 StateLnkd,,,,,,,,,,,,,,,,,,,,,,,,,,,,,,,,
TG9,TG9 Local,,,,,,,,,,,,,,,,,,,,,,,,,,,,,,,,
TG13,TG13 WWE,,,,,,,,,,,,,,,,,,,,,,,,,,,,,,,,
TG30,TG30 JOTA,,,,,,,,,,,,,,,,,,,,,,,,,,,,,,,,
TG113,TG113 UA Eng 1,,,,,,,,,,,,,,,,,,,,,,,,,,,,,,,,
TG123,TG123 UA Eng 2,,,,,,,,,,,,,,,,,,,,,,,,,,,,,,,,
TG133,TG133 DMR+USA,,,,,,,,,,,,,,,,,,,,,,,,,,,,,,,,
TG143,TG143 DMR+UK,,,,,,,,,,,,,,,,,,,,,,,,,,,,,,,,
TG153,TG153 DMR+Sth P,,,,,,,,,,,,,,,,,,,,,,,,,,,,,,,,
TG505,TG:505 VK,TG3800 AU,,,,,,,,,,,,,,,,,,,,,,,,,,,,,,,
TG3801,TG3801 ACT,,,,,,,,,,,,,,,,,,,,,,,,,,,,,,,,
TG3802,TG3802 NSW,,,,,,,,,,,,,,,,,,,,,,,,,,,,,,,,
TG3803,TG3803 Vic,,,,,,,,,,,,,,,,,,,,,,,,,,,,,,,,
TG3804,TG3804 Qld,,,,,,,,,,,,,,,,,,,,,,,,,,,,,,,,
TG3805,TG3805 SA,,,,,,,,,,,,,,,,,,,,,,,,,,,,,,,,
TG3806,TG3806 WA,,,,,,,,,,,,,,,,,,,,,,,,,,,,,,,,
TG3807,TG3807 TAS,,,,,,,,,,,,,,,,,,,,,,,,,,,,,,,,
TG3809,TG3809 VK9,,,,,,,,,,,,,,,,,,,,,,,,,,,,,,,,
TG5051,TG5051 ACT BM,,,,,,,,,,,,,,,,,,,,,,,,,,,,,,,,
TG5052,TG5052 NSW BM,,,,,,,,,,,,,,,,,,,,,,,,,,,,,,,,
TG5053,TG3803 Vic,,,,,,,,,,,,,,,,,,,,,,,,,,,,,,,,
TG5054,TG5054 QLD BM,,,,,,,,,,,,,,,,,,,,,,,,,,,,,,,,
TG5055,TG3805 SA,,,,,,,,,,,,,,,,,,,,,,,,,,,,,,,,
TG5056,TG3806 WA,,,,,,,,,,,,,,,,,,,,,,,,,,,,,,,,
TG5057,TG5057 Tas BM,,,,,,,,,,,,,,,,,,,,,,,,,,,,,,,,
BM WICEN,VK WICEN BM,,,,,,,,,,,,,,,,,,,,,,,,,,,,,,,,
BM 91,TG91 BM WW,,,,,,,,,,,,,,,,,,,,,,,,,,,,,,,,
BM 913,TG913 BM WWE,,,,,,,,,,,,,,,,,,,,,,,,,,,,,,,,
BM 923,TG923 BM EU E,,,,,,,,,,,,,,,,,,,,,,,,,,,,,,,,
BM 95,TG95 BM PacRim,,,,,,,,,,,,,,,,,,,,,,,,,,,,,,,,
BM 26204,TG26204 BM,,,,,,,,,,,,,,,,,,,,,,,,,,,,,,,,
BM 31665,TG31665 BM,,,,,,,,,,,,,,,,,,,,,,,,,,,,,,,,
BM 50599,YSF-BM X,,,,,,,,,,,,,,,,,,,,,,,,,,,,,,,,
