ScanList Name,Channel 1,Channel 2,Channel 3,Channel 4,Channel 5,Channel 6,Channel 7,Channel 8,Channel 9,Channel 10,Channel 11,Channel 12,Channel 13,Channel 14,Channel 15,Channel 16,Channel 17,Channel 18,Channel 19,Channel 20,Channel 21,Channel 22,Channel 23,Channel 24,Channel 25,Channel 26,Channel 27,Channel 28,Channel 29,Channel 30,Channel 31,Priority1,Priority2,TX Channel,Signal Hold,Priority Sample
DMR SPX,DVm 31665,,,,,,,,,,,,,,,,,,,,,,,,,,,,,,,Z1  TG6,Z1  TG6,Last, 2, 3,
VK1RBM,'11 1RBM Scan,'11 TG1 WW CALL,'11 TG5 VK Bcast,'11 TG8 S1 ACT,'11 TG9 S1 LOC,'11 TG13 WWE,'11 TG113 UA CHA,'11 TG123 UA ENG,'11 TG153 SthPac,'11 TG505 AU +,'11 TG3801 ACT,'11 TG3802 NSW,'11 TG3803 Vic,'11 TG3804 Qld,'11 TG3806 WA,'11 TG3805 SA,'11 TG3807 Tas,,,,,,,,,,,,,,,Z1  TG6,Z1  TG6,Last, 2, 3,
VK2RAO,'28 2RAO Scan,'28 TG1 WW CALL,'28 TG5 VK Bcast,'28 TG8 S1 LINK,'28 TG8 S2 LOCL,'28 TG9 S1 LOC,'28 TG13 WWE,'28 TG113 UA CHA,'28 TG123 UA ENG,'28 TG153 SthPac,'28 TG505 AU +,'28 TG3801 ACT,'28 TG3802 NSW,'28 TG3803 VIC,'28 TG3804 QLD,'28 TG3805 SA,'28 TG3807 Tas,'28 TG3806 WA,,,,,,,,,,,,,,Z1  TG6,Z1  TG6,Last, 2, 3,
VK2RCV,'29 TG1 WW,'29 TG5 VK Bcast,'29 TG8 S1 NSW,'29 TG9 S1 Loc,'29 TG13 WWE,'29 TG113 UA Eng1,'29 TG123 UA Eng2,'29 TG153 SP+,'29 TG505 AU,'29 TG3801 ACT,'29 TG3802 NSW,'29 TG3803 Vic,'29 TG3804 Qld,'29 TG3805 SA,'29 TG3806 WA,'29 TG3807 Tas,,,,,,,,,,,,,,,,None,None,Last, 20, 8,
VK2RGN,'21 2RGN Scan,'21 TG1 WW CALL,'21TG5 VK Bcast,'21 TG8 S1 LINK,'21 TG9 S2 LOC,'21 TG9 S1 LOC,'21 TG13 WWE,'21 TG113 UA CHA,'21 TG123 UA ENG,'21 TG153 SthPac+,'21 TG505 AU +,'21 TG3801 ACT,'21 TG3802 NSW,'21 TG3803 VIC,'21 TG3804 QLD,'21 TG3805 SA,'21 TG3807 Tas,'21 TG3806 WA,'21 TG143 US,,,,,,,,,,,,,Z1  TG6,Z1  TG6,Last, 2, 3,
VK2RHR,'22 2RHR Scan,'22 TG1 WW CALL,'22 TG5 VK Bcast,'22 TG8 S1 LINK,'22 TG8 S2 LOC,'22 TG9 S1 LOC,'22 TG13 WWE,'22 TG113 UA CHA,'22 TG123 UA ENG,'22 TG153 SthPac+,'22 TG505 AU +,'22 TG3801 ACT,'22 TG3802 NSW,'22 TG3803 VIC,'22 TG3804 QLD,'22 TG3805 SA,'22 TG3807 Tas,,,,,,,,,,,,,,,Z1  TG6,Z1  TG6,Last, 2, 3,
VK2RTH,'23 TG1 WW Call,'23 TG8 S1,'23 TG9 S1 Locl,'23 TG13 WWE,'23 TG113 UA E1,'23 TG123 UA E2,'23 TG133 USA+,'23 TG143 UK+,'23 TG153 SthPac+,'23 TG505 AU+,'23 TG3801 ACT,'23 TG3803 Vic,'23 TG3804 Qld,,,,,,,,,,,,,,,,,,,None,None,Last, 20, 8,
VK2RCG,'24 2RCG Scan,'24 TG1 WW CALL,'24 TG5 VK Bcast,'24 TG8 S1 LINK,'24 TG8 S2 LOC,'24 TG9 S1 LOC,'24 TG13 WWE,'24 TG113 UA CHA,'24 TG123 UA ENG,'24 TG153 SthPac,'24 TG3806 WA,'24 TG505 AU +,'24 TG3801 ACT,'24 TG3802 NSW,'24 TG3803 VIC,'24 TG3804 QLD,'24 TG3805 SA,'24 TG 3807 Tas,'24 TG143 UK,,,,,,,,,,,,,Z1  TG6,Z1  TG6,Last, 2, 3,
VK2RRW,'25 2RRW Scan,'25 TG1 WW CALL,'25 TG5 VK Bcast,'25 TG8 S1 LINK,'25 TG8 S2 LOC,'25 TG9 S1 LOC,'25 TG13 WWE,'25 TG113 UA CHA,'25 TG123 UA ENG,'25 TG153 SthPac,'25 TG505 AU +,'25 TG3801 ACT,'25 TG3802 NSW,'25 TG3803 VIC,'25 TG3804 QLD,'25 TG3805 SA,'25 TG3807 Tas,'25 TG143 UK,,,,,,,,,,,,,,Z1  TG6,Z1  TG6,Last, 2, 3,
VK2RLE,'26 2RLE Scan,'26 TG1 WW CALL,'26 .TG5 VK Bcast,'26 TG8 S1 LINK,'26 TG8 S2 LOCL,'26 TG9 S1 LOCL,'26 TG13 WWE,'26 TG113 UA CHA,'26 TG123 UA ENG,'26 TG153 SthPac,'26 TG505 AU +,'26 TG3801 ACT,'26 TG3802 NSW,'26 TG3803 VIC,'26 TG3804 QLD,'26 TG3805 SA,'26 TG3807 Tas,'26 TG9 REF,,,,,,,,,,,,,,Z1  TG6,Z1  TG6,Last, 2, 3,
VK2RHT,'27 2RHT Scan,'27 TG1 WW CALL,'27 TG5 VK Bcast,'27 TG8 S1 LINK,'27 TG8 S2 LOC,'27 TG9 S1 LOC,'27 TG13 WWE,'27 TG113 UA CHA,'27 TG123 UA ENG,'27 TG153 SthPac,'27 TG505 AU +,'27 TG3801 ACT,'27 TG3802 NSW,'27 TG3803 VIC,'27 TG3804 QLD,'27 TG3805 SA,'27 TG3807 Tas,'27 TG9 REF,,,,,,,,,,,,,,Z1  TG6,Z1  TG6,Last, 2, 3,
'2RAF BM,bm23 2RAF Scan,bm23 TG9 S1,bm23 TG505 AU,bm23 TG5050 AU,bm23 TG5052 NSW,bm23 TG505001,bm23 YSF-BM X,bm23 TG9 S2,,,,,,,,,,,,,,,,,,,,,,,,Z1  TG6,Z1  TG6,Last, 2, 3,
'2RAG BM,bm24 2RAG Scan,bm24 TG9 S1,bm24 TG505 AU,bm24 TG5050 AU,bm24 TG5052 NSW,bm24 TG505001,bm24 YSF-BM X,bm24 TG9 S2,,,,,,,,,,,,,,,,,,,,,,,,Z1  TG6,Z1  TG6,Last, 2, 3,
'2RGN BM,bm21 2RGN Scan,bm21 TG9 S1,bm21 TG505 AU,bm21 TG5050 AU,bm21 TG5052 NSW,bm21TG505001,bm21 YSF-BM X,bm21 TG9 S2,,,,,,,,,,,,,,,,,,,,,,,,Z1  TG6,Z1  TG6,Last, 2, 3,
'2RHP BM,bm22. 2RHP Scan,bm22 TG9 S1,bm22 TG505 AU,bm22 TG5050 AU,bm22 TG5052 NSW,bm22 TG505001,bm22 YSF-BM X,bm22 TG9 S2,,,,,,,,,,,,,,,,,,,,,,,,Z1  TG6,Z1  TG6,Last, 2, 3,
'2RHK WY1,bm01 2RHK 1,bm01 TG9 S1,bm01 TG505 AU,bm01 TG5050 AU,bm01 TG5052 NSW,bm01 TG505001,bm01 YSF-BM X,bm01 TG9 S2,,,,,,,,,,,,,,,,,,,,,,,,Z1  TG6,Z1  TG6,Last, 2, 3,
'2RHK WY2,bm02 2RHK 2,bm02 TG9 S1,bm02 TG505 AU,bm02 TG5050 AU,bm02 TG5052 NSW,bm02 TG505001,bm01 YSF-BM X,bm01 TG9 S2,,,,,,,,,,,,,,,,,,,,,,,,Z1  TG6,Z1  TG6,Last, 2, 3,
'2RMP BM,bm18 2RMP Scan,bm18 TG9 S1,bm18 TG91 WW,bm18 TG923 EU E,bm18 TG95 PacRim,bm18 TG505 AU,bm18 RG5050 AU,bm18 TG5052 NSW,bm18 TG505001,bm18 YSF-BM X,,,,,,,,,,,,,,,,,,,,,,None,None,Last, 20, 8,
'2YHX BM,bm25 2YHX Scan,bm25 TG9 S1,bm25 TG505 AU,bm25 TG5050 AU,bm25 TG5052 NSW,bm25 TG505001,bm25 YSF-BM X,bm25 TG9 S2,,,,,,,,,,,,,,,,,,,,,,,,Z1  TG6,Z1  TG6,Last, 2, 3,
'2GG BM,bm26 2GG Scan,bm26. TG9 S1,bm26 TG505 AU,bm26 TG5050 AU,bm26 TG5052 NSW,bm26 TG505001,bm26 YSF-BM X,bm26 TG9 S2,,,,,,,,,,,,,,,,,,,,,,,,Z1  TG6,Z1  TG6,Last, 2, 3,
'2RHX BM,bm27 2RHX Scan,bm27 TG9 S1,bm27 TG505 AU,bm27 TG5050 AU,bm27 TG5052 NSW,bm27. TG505001,bm27 YSF-BM X,bm27 TG9 S2,,,,,,,,,,,,,,,,,,,,,,,,Z1  TG6,Z1  TG6,Last, 2, 3,
'2RGP BM,bm28 2RGP Scan,bm28 TG9 S1,bm28 TG505 AU,bm28 TG5050 AU,bm28 TG5052 NSW,bm28 TG505001,bm28 YSF-BM X,bm28 TG9 S2,,,,,,,,,,,,,,,,,,,,,,,,Z1  TG6,Z1  TG6,Last, 2, 3,
'2JDS BM,bm29 2JDS Scan,bm29 TG9 S1,bm29 TG505 AU,bm29 TG5050 AU,bm29 TG5052 NSW,bm29 TG505001,bm29 YSF-BM X,bm29 TG9 S2,,,,,,,,,,,,,,,,,,,,,,,,Z1  TG6,Z1  TG6,Last, 2, 3,
'2RCW BM,bm19 2RCW Scan,bm19 TG9 S1,bm19 TG505 AU,bm19 TG5050 AU,bm19 TG5052 NSW,bm19 TG505001,bm19 YSF-BM X,bm19 TG9 S2,,,,,,,,,,,,,,,,,,,,,,,,Z1  TG6,Z1  TG6,Last, 2, 3,
'2AMV BM,bm20 2AMV Scan,bm20 TG9 S1,bm20 TG505 AU,bm20 TG5050 AU,bm20 TG5052 NSW,bm20 TG505001,bm20 YSF-BM X,bm20 TG9 S2,,,,,,,,,,,,,,,,,,,,,,,,Z1  TG6,Z1  TG6,Last, 2, 3,
VK3RGL,'36. VK3RGL Scan,'36. TG1 WW CALL,'36. TG3801 ACT,'36. TG8 VIC S1,'36. TG9 S1 Loc,'36. TG13 WWE,'36. TG113 UA CHA,'36. TG123 UA ENG,'36. TG153 SthPac,'36. TG505 AU,'36. TG3802 NSW,'36. TG3803 Vic,'36. TG3805 SA,'36. TG3807 Tas,'36. TG3804 Qld,,,,,,,,,,,,,,,,,Z1  TG6,Z1  TG6,Last, 2, 3,
VK3RMC,'33. VK3RMC Scan,'33. TG1 WW CALL,'33. TG3801 ACT,'33. TG8 S1 LINK,'33. TG9 S1 LOC,'33. TG13 WWE,'33. TG113 UA CHA,'33. TG123 UA ENG,'33. TG153 SthPac,'33. TG505 AU,'33. TG3802 NSW,'33. TG3803 Vic,'33. TG3805 SA,'33. TG3807 TAS,'33. TG3804 Qld,,,,,,,,,,,,,,,,,Z1  TG6,Z1  TG6,Last, 2, 3,
VK3RMM,'34. VK3RMM Scan,'34. TG1 WW CALL,'34. TG3806 WA,'34. TG8 S1 LINK,'34. TG9 S1 LOCL,'34. TG13 WWE,'34. TG113 UA CHA,'34. TG123 UA ENG,'34. TG153 SthPac,'34. TG3800 AU +,'34. TG3802 NSW,'34. TG3803 Vic,'34. TG3805 SA,'34. TG3807 Tas,'34. TG3804 Qld,,,,,,,,,,,,,,,,,Z1  TG6,Z1  TG6,Last, 2, 3,
VK3RPS,'37. VK3RPS Scan,'37. TG1 WW CALL,'37. TG8 S2,'37. TG8 S1 StatW,'37. TG9 S1 LOC,'37. TG13 WWE,'37. TG113 UA CHA,'37. TG123 UA ENG,'37. TG153 SthPac,'37. TG505 AU,'37. TG3802 NSW,'37. TG3803 VIC,'37. TG3805 SA,'37. TG3807 Tas,'37. TG3801 ACT,,,,,,,,,,,,,,,,,Z1  TG6,Z1  TG6,Last, 2, 3,
VK3RPT,'35. VK3RPT Scan,'35. TG1 WW CALL,'35. TG8 S2,'35. TG8 S1,'35. TG9 S1 Loc,'35. TG13 WWE,'35. TG113 UA CHA,'35. TG123 UA ENG,'35. TG153 SthPac,'35. TG505 AU,'35. TG3802 NSW,'35. TG3803 Vic,'35. TG3805 SA,'35. TG3807 Tas,'35. TG3801 ACT,,,,,,,,,,,,,,,,,Z1  TG6,Z1  TG6,Last, 2, 3,
VK3RSU,'30. 3RSU Scan,'30. TG1 WW CALL,'30. TG3804 Qld,'30. TG8 S1 LINK,'30. TG9 S1 LOCL,'30. TG13 WWE,'30. TG113 UA CHA,'30. TG123 UA ENG,'30. TF153 SthPac,'30. TG505 AU,'30. TG3802 NSW,'30. TG3803 Vic,'30. TG3805 SA,'30. TG3807 Tas,'30. TG3806 WA,,,,,,,,,,,,,,,,,Z1  TG6,Z1  TG6,Last, 2, 3,
VK3RTE,'31. 3RTE Scan,'31. TG1 WW CALL,'31. TG3801 ACT,'31. TG8 S1 LINK,'31. TG9 S1 LOCL,'31. TG13 WWE,'31. TG113 UA CHA,'31. TG123 UA ENG,'31. TG153 SthPac,'31. TG505 AU,'31. TG3802 NSW,'31. TG3803 Vic,'31. TG3805 SA,'31. TG3807 Tas,'31. TG3804 Qld,,,,,,,,,,,,,,,,,Z1  TG6,Z1  TG6,Last, 2, 3,
VK3RWW,'38 TG1 WW Call,'38 TG8 StatWide,'38 TG9 s1 Loc,'38 TG13 WWE,'38 TG113 UA E1,'38 TG123 UA E2,'38 TG133 USA+,'38 TG143 UK+,'38 TG153 SthPac+,'38 TG505 AU,'38 TG3801 ACT,'38 TG3802 NSW,'38 TG3803 Vic,'38 TG3804 Qld,'38 TG3805 SA,'38 TG3806 WA,'38 TG3807 Tas,'38 TG3809 link,,,,,,,,,,,,,,None,None,Last, 20, 8,
VK3RZU,'32. VK3RZU Scan,'32. TG1 WW CALL,'32. TG3801 ACT,'32. TG8 S1 LINK,'32. TG9 S1 LOCL,'32. TG13 W/W ENG,'32. TG113 UA CHA,'32. TG123 UA ENG,'32. TG153 SthPac,'32. TG505 AU,'32. TG3802 NSW,'32. TG3803 Vic,'32. TG3805 SA,'32. TG3807 Tas,'32. TG3804 Qld,,,,,,,,,,,,,,,,,Z1  TG6,Z1  TG6,Last, 2, 3,
'3RBA BM,bm34 TG9 S1,bm34 TG91 WW,bm34 TG913 WW E,bm34 TG923 EU A,bm34 TG95 PacRim,bm34 TG505 AU,bm34 TG5050 AU,bm34 TG5052 NSW,bm34 TG5053 Vic,bm34 TG5054 Qld,bm34 TG5055 SA,bm34 TG5057 Tas,,,,,,,,,,,,,,,,,,,,None,None,Last, 20, 8,
'3AS BM,bm31 3AS Scan,bm31 TG9 S1,bm31 TG505 AU,bm31 TG5050 AU,bm31 TG5052 NSW,bm31 TG5053 VIC,bm31 TG505001,bm31 YSF-BM X,bm31 TG9 S2,,,,,,,,,,,,,,,,,,,,,,,Z1  TG6,Z1  TG6,Last, 2, 3,
'3JMA BM,bm32 3IMA Scan,bm32 TG9 S1,bm32 TG505 AU,bm32 TG5050 AU,bm32 TG5052 NSW,bm32 TG5053 VIC,bm32 TG505001,bm32 YSF-BM X,bm32 TG9 S2,,,,,,,,,,,,,,,,,,,,,,,Z1  TG6,Z1  TG6,Last, 2, 3,
'3SMC BM,bm33 TG9 S1,bm33 TG91 WW,bm33 TG913 WW E,bm33 TG923 EU E,bm33 TG95 PacRim,bm33 TG505 AU,bm33 TG5050 AU,bm33 TG5051 ACT,bm33 TG5052 NSW,bm33 TG5053 Vic,bm33 TG5054 Qld,bm33 TG5055 SA,,,,,,,,,,,,,,,,,,,,None,None,Last, 20, 8,
VK4RGX,'40. VK4RGX Scan,'40. TG1 WW CALL,'40. TG3801 ACT,'40. TG8 QLD S1,'40. TG9 S1 LOC,'40. TG13 WWE,'40. TG113 UA CHA,'40. TG123 UA ENG,'40. TG153 SthPac,'40. TG505 AU,'40. TG3802 NSW,'40. TG3804 Qld,'40. TG3805 SA,'40. TG3806 WA,'40. TG3807 Tas,,,,,,,,,,,,,,,,,Z1  TG6,Z1  TG6,Last, 2, 3,
VK4RMC,'41. VK4RMC Scan,'41. TG1 WW CALL,'41. TG8 StatWide,'41. TG9 S1 Loc,'41. TG13 WWE,'41. TG113 UA CHA,'41. TG123 UA ENG,'41. TG153 SthPac,'41. TG505 AU,'41. TG3801 ACT,'41. TG3802 NSW,'41. TG3804 QLD,'41. TG3805 SA,'41. TG3806 WA,'41. TG3807 Tas,,,,,,,,,,,,,,,,,Z1  TG6,Z1  TG6,Last, 2, 3,
VK4RTQ,'42 VK4RTQ Scan,'42 TG1 WW CALL,'42 TG3801 ACT,'42 TG8 StatWide,'42 TG9 S1 LOC,'42 TG13 WWE,'42 TG113 UA CHA,'42 TG123 UA ENG,'42 TG153 SthPac,'42 TG505 AU,'42 TG3802 NSW,'42 TG3804 QLD,'42 TG3806 WA,'42 TG3807 Tas,'42 TG3803 Vic,,,,,,,,,,,,,,,,,Z1  TG6,Z1  TG6,Last, 2, 3,
VK4RDU,'43. VK4RDU Scan,'43. TG1 WW CALL,'43. TG3801 ACT,'43. TG8 QLD S1,'43. TG9 S1 LOC,'43. TG13 W/W ENG,'43. TG113 UA CHA,'43. TG123 UA ENG,'43. TG153 SthPac,'43. TG505 AU,'43. TG3802 NSW,'43. TG3804 QLD,'43. TG3806 WA,'43. TG3807 Tas,'43. TG3803 Vic,,,,,,,,,,,,,,,,,Z1  TG6,Z1  TG6,Last, 2, 3,
VK4REG,'44. VK4REG Scan,'44. TG1 WW CALL,'44. TG3801 ACT,'44. TG8 StatWide,'44. TG9 S1 LOC,'44. TG13 WWE,'44. TG113 UA CHA,'44. TG123 UA ENG,'44. TG153 SthPac,'44. TG505 AU,'44. TG3802 NSW,'44. TG3804 Qld,'44. TG3805 SA,'44. TG3806 WA,'44. TG3807 Tas,,,,,,,,,,,,,,,,,Z1  TG6,Z1  TG6,Last, 2, 3,
VK4RBK,'47 TG8 StatWide,'47 TG9 S1 Locl,'47 TG13 WWE,'47 TG113 UA E1,'47 TG123 UA E2,'47 TG133 USA+,'47 TG143 UK+,'47 TG153 SthPac,'47 TG505 AU,'47 TG3802 NSW,'47 TG3804 Qld,,,,,,,,,,,,,,,,,,,,,None,None,Last, 20, 8,
VK4RBX,'45. VK4RBX Scan,'45. TG1 WW CALL,'45. TG3801 ACT,'45. TG8 QLD S1,'45. TG9 S1 LOC,'45. TG13 WWE,'45. TG113 UA CHA,'45. TG123 UA ENG,'45. TG153 SthPac,'45. TG505 AU,'45. TG3802 NSW,'45. TG3804 Qld,'45. TG3805 SA,'45. TG3806 WA,'45. TG3807 Tas,,,,,,,,,,,,,,,,,Z1  TG6,Z1  TG6,Last, 2, 3,
VK4RNX,'46. VK4RNX Scan,'46. TG1 WW CALL,'46. TG3801 ACT,'46. TG8 QLD S1,'46. TG9 S1 LOC,'46. TG13 WWE,'46. TG113 UA CHA,'46. TG123 UA ENG,'46. TG153 SthPac,'46. TG505 AU,'46. TG3802 NSW,'46. TG3804 Qld,'46. TG3805 SA,'46. TG3806 WA,'46. TG3807 Tas,,,,,,,,,,,,,,,,,Z1  TG6,Z1  TG6,Last, 2, 3,
'4RCN BM,bm41 4RCN Scan,bm41 TG9 S1,bm41 TG505 AU,bm4 TG5050 XRF50,bm41 TG5052 NSW,bm41 TG5054 QLD,bm41 TG505001,bm41 YSF-BM X,bm41 TG9 S2,,,,,,,,,,,,,,,,,,,,,,,Z1  TG6,Z1  TG6,Last, 2, 3,
'4TUX BM,bm42 4TUX Scan,bm42 TG9 S1,bm42 TG505 AU,bm42 TG5050 AU,bm42 TG5052 NSW,bm42 TG5054 QLD,bm42 TG505001,bm42 YSF-BM X,bm42 TG9 S2,,,,,,,,,,,,,,,,,,,,,,,Z1  TG6,Z1  TG6,Last, 2, 3,
'4TCA BM,bm43 4TCA Scan,bm43 TG9 S1,bm43 TG505 AU,bm43 TG5050 AU,bm43 TG5052 NSW,bm43 TG5054 QLD,bm43 TG505001,bm43 YSF-BM X,bm43 TG9 S2,,,,,,,,,,,,,,,,,,,,,,,Z1  TG6,Z1  TG6,Last, 2, 3,
VK5RSF,'50. 5RSF Scan,'50. TG1 WW Call,'50. TG5 VK Bcast,'50.TG8 S1 SA W,'50. TG8 S2 LOC,'50. TG9 S1 LOC,'50. TG113 UA ENG,'50. TG123 UA ENG,'50 TG13 WWE,'50 TG133 USA+,'50 TG143 UK+,'50. TG153 SthPac,'50. TG3806 WA,'50. TG3801 ACT,'50. TG3802 NSW,'50. TG3803 Vic,'50. TG3804 Qld,'50. TG3805 SA,'50. TG3807 Tas,VK5RAD Crafers,,,,,,,,,,,,None,None,Last, 20, 8,
VK6RDM,'60 TG1 WW,'60 VK Nets,'60 TG9 Local,'60 TG9 ts2,'60 TG13 WWE,'60 TG113 UA E1,'60 TG123 UA E2,'60 TG133 +USA,'60 TG143 +UK,'60 TG153 +SthPac,'60 TG3805 SA,'60 TG3806 WA,,,,,,,,,,,,,,,,,,,,None,None,Last, 20, 8,
VK6RLM,'61 VK6RLM Scan,'61 TG1 WW,'61 TG5 AU Nets,'61 TG9 ts1,'61 TG9 ts2,'61 TG13 WWE,'61 TG113 UA E1,'61 TG123 UA E2,'61 TG133 +USA,'61 TG143 +UK,'61 TG153 +SthPac,'61 TG3809,'61 TG3801 ACT,'61 TG3802 NSW,'61 TG3803 Vic,'61 TG3804 Qld,'61 TG3805 SA,'61 TG3806 WA,'61 TG3807 Tas,,,,,,,,,,,,,None,None,Last, 20, 8,
VK6RRR,'62 TG1 WW,'62 TG5 AU Nets,'62 TG9 ts1,'62 TG9 ts2,'62 TG13 WWE,'62 TG113 UA E1,'62 TG123 UA E2,'62 TG133 +USA,'62 TG143 +UK,'62 TG153 +SthPac,'62 TG3805 SA,'62 TG3806 WA,,,,,,,,,,,,,,,,,,,,None,None,Last, 20, 8,
VK6ZTN,'64 TG1 WW Call,'64 TG13 WWE,'64 TG113 UA E2,'64 TG123 UA E2,'64 TG5 ts2 VK/ZL,'64 TG3800 AU,'64 TG5056 WA,,,,,,,,,,,,,,,,,,,,,,,,,None,None,Last, 20, 8,
'6RGF BM,bm61 TG91 WW,bm61 TG9 ts1,bm61 TG9 ts2,bm61 TG913 WWE,bm61 TG923 EU E,bm61 TG95 SthPac,bm61 TG505 AU,bm61 TG5050 +AU,bm61 TG5051 ACT,bm61 TG5052 NSW,bm61 TG5053 Vic,bm61 TG5054 Qld,bm61 TG5055 SA,bm61 TG5956 WA,bm61 TG5057 Tas,,,,,,,,,,,,,,,,,None,None,Last, 20, 8,
VK7RCR,'70. 7RCR Scan,'70. TG1 WW Call,'70 TG5 VK Bcast,'70 TG8 S1 TAS W,'70. TG8 S2 LOC,'70. TG9 S1 LOC,'70. TG113 UA ENG,'70. TG123 UA ENG,'70. TG153 SthPac,'70. TG3800 +,'70. TG3801 ACT,'70. TG3802 NSW,'70. TG3803 VIC,'70. TG3805 SA,'70. TG3807 TAS,'70. TG9 REFL,,,,,,,,,,,,,,,,Z1  TG6,Z1  TG6,Last, 2, 3,
VK7RAA,'71. 7RAA Scan,'71. TG1 W/W CALL,'71. TG5 VK Bcast,'71. TG8 S1 TAS W,'71. TG8 S2 LOC,'71. TG9 LOC,'71. TG13 WWE,'71. TG113 UA ENG,'71. TG123 UA ENG,'71. TG153 SthPac,'71. TG3800 +,'71. TG3801 ACT,'71. TG3802 NSW,'71.TG3803 VIC,'71. TG3805 SA,'71. TG3807 TAS,'71. TG9 REFL,,,,,,,,,,,,,,,Z1  TG6,Z1  TG6,Last, 2, 3,
Analog ACT,VK1RGI Ginnini,VK1RBM Issacs,,,,,,,,,,,,,,,,,,,,,,,,,,,,,,'42 TG3803 Vic,None,Last, 20, 8,
Analog Ade +DMR,VK5RAD Crafers,VK5RSB Sumrtn,VK5RSC MtTrble,VK5ROC LowrLght,VK5RSA Adelaide,VK5ZSN Balloon,VK5RLZ Elizabht,'50. TG1 WW Call,'50. TG5 VK Bcast,'50 TG13 WWE,'50.TG8 S1 SA W,'50. TG8 S2 LOC,'50. TG9 S1 LOC,'50. TG153 SthPac,'50. TG505 AU W,'50. TG3806 WA,'50. TG3805 SA,,,,,,,,,,,,,,,None,None,Last, 20, 8,
Analog NE Vic,NE Vic Scan,CB10 4WD convoy,CB15,CB18 Cvan convoy,CB40 Truckies,VK3RAY Albury,VK3RNE BigBen,VK3RNU Wang,VK2RWB Mulwala,VK3RSU ChsnVale,,,,,,,,,,,,,,,,,,,,,,None,None,Last, 20, 8,
Analog Syd,VK2RBV Sydney,VK2RMB TerryHill,VK2RWS BerowraNt,VK2RHT Chatswood,VK2RBM Lawson1,VK2RLE Engadine,VK2RCF Carlingfd,VK2RRS Lewisham,VK2RWI Dural,VK2RHC Hurstvill,VK2ROT Paddingtn,VK2RWI Dural1,VK2RFG Cambltwn,,,,,,,,,,,,,,,,,,,None,None,Last, 20, 8,
Goulbn,DVm YSF 50599,DMR 439.2 S1,FM 438.7 Simplex,VK2RHR HRange,VK2RGN MtGray,,,,,,,,,,,,,,,,,,,,,,,,,,,Z1  TG6,Z1  TG6,Last, 2, 3,
CB,CB20,CB30 EmgB'cast,CB40 Truckies,CB25,CB26,CB17,CB18 Cvan convoy,CB09,CB10 4WD convoy,CB11,CB12,CB13,CB14,CB15,CB16,,,,,,,,,,,,,,,,,None,None,Last, 20, 8,
Home,CB15,FM 438.7 Simplex,VK1RGI Ginnini,VK1RBM Issacs,DV4 TG9 S2,'11 TG3806 WA,'11 TG3801 ACT,DVm 505,Z1 bm 505,DVm 31665,DVm YSF 50599,,,,,,,,,,,,,,,,,,,,,None,None,Last, 20, 8,
DVhotspot,DVm 9s2,DV4 TG9 S2,DVm 505,,,,,,,,,,,,,,,,,,,,,,,,,,,,,None,None,Last, 20, 8,
DV4,,,,,,,,,,,,,,,,,,,,,,,,,,,,,,,,Selected,Selected,Selected,0,0,
